DescNorm,gananciaNorm,precioNorm,TIPOenvioNumerico,PaisNumerico,PorductoNumerico,CategoriaEnvioNumerico
0.961975658680348,0.53111711519626,0.892191446362533,1,1,1,1
0.579536976574213,0.82343902269662,0.10975720219321,1,2,2,1
0.482660384835316,0.600236876608416,0.315989713922502,2,3,1,2
0.576920862276828,0.986447938416015,0.230890691348745,3,2,3,2
0.828941443985559,0.971475166665974,0.425356060017147,2,1,2,2
0.199580605108896,0.358131756644137,0.0469092027216342,2,4,2,2
0.673437343048815,0.694526844295836,0.256122075494468,2,1,4,2
0.170620533054635,0.306731638136413,0.394905583019536,3,3,3,3
0.146023540060073,0.549550850684156,0.288954549150518,1,2,3,2
0.313913256784925,0.224191643489014,0.959665897091092,3,1,1,3
0.571728307935371,0.218206410289451,0.103216772170087,1,1,3,2
0.265760794520922,0.492963752403504,0.674223894283145,3,3,4,2
0.829539600472345,0.673661318523709,0.488541876253208,2,2,4,2
0.622956061775889,0.534359080575186,0.189171413084886,2,1,2,1
0.142295681592229,0.271452624012949,0.413515362270466,2,1,4,2
0.613817619554962,0.557744639975192,0.753039262615403,2,3,4,2
0.401701461488654,0.216687030111864,0.507435254952122,2,2,2,1
0.366038245355622,0.426350224617614,0.488350790146248,2,3,2,1
0.157749161220705,0.0343244219220465,0.210592566576527,1,3,2,1
0.05353838850594,0.506672099005756,0.208345438027214,1,1,4,2
0.17548887715389,0.509269910976059,0.496642776509672,3,3,4,2
0.630147363236866,0.994637242706526,0.415008796290274,1,3,1,1
0.506319305466027,0.0821506706370507,0.616930317921507,2,1,4,2
0.415387110083995,0.0515247295574445,0.896908739263134,3,3,4,1
0.376296635070061,0.844113955113137,0.680920354497866,1,2,1,1
0.72968063843443,0.609107785978594,0.306793649120284,2,4,2,2
0.454205115451495,0.470984988167926,0.141422211347114,2,1,2,1
0.0548275780116097,0.582404361190791,0.766203761087389,3,1,3,1
0.539857353813719,0.806915667432012,0.266513224147251,3,2,3,2
0.0200467224925484,0.260038431845508,0.0559821012965583,2,1,2,2
0.148324930139732,0.925695884648556,0.228701800605573,1,1,4,2
0.12577453201079,0.652086779335377,0.587642913873133,1,1,2,3
0.426854848598095,0.531134710198317,0.164381020419192,2,1,2,2
0.787129374854907,0.65147934926438,0.667444009864777,2,3,2,1
0.665660354152092,0.852613452773238,0.850070057928525,2,1,3,3
0.145346199133122,0.3540027578282,0.486444794978467,3,2,4,1
0.79112651113076,0.00825319713001073,0.423551483708827,3,1,2,2
0.0897186228031938,0.0807748104762381,0.218316175822474,1,3,1,2
0.896953853059122,0.814802521687172,0.0936265463675279,2,2,4,2
0.171223283402332,0.309965112681013,0.92732148256922,3,2,3,2
0.149532593529384,0.494737167610784,0.835379992122781,3,3,4,3
0.414253231856425,0.805724497292786,0.170125737779424,3,3,1,3
0.856543746753424,0.513820461507935,0.318084132722659,2,2,1,3
0.70381469576944,0.758195068404141,0.828249517947632,3,2,1,2
0.386989144640484,0.981087634456161,0.553085523924205,1,1,4,2
0.528147363712286,0.799145729857183,0.475058615306831,2,3,2,2
0.820068968413156,0.407976442470059,0.0112153052756981,3,3,2,3
0.949681293674859,0.0699355752509986,0.401451934753372,2,4,3,3
0.0776025980408852,0.591284508895383,0.661157448323444,2,4,1,2
0.297999048703507,0.591440142246907,0.310343890661348,2,2,1,2
0.92488876328897,0.202124731743134,0.089638457820728,2,3,2,1
0.278321961422373,0.303653911943351,0.989368279936772,3,3,4,3
0.518258690310297,0.876985405621868,0.81390900139136,3,4,3,1
0.0508645787460075,0.346462935280267,0.861318982444857,1,1,3,1
0.102167359433414,0.0555118423151309,0.364137169832748,3,3,4,1
0.373258422513748,0.129213688221181,0.248675470716355,1,3,4,2
0.769564359872493,0.938100169431721,0.316918519711461,3,4,3,1
0.490414851881475,0.611520102927216,0.363748876987598,3,1,2,1
0.614837456676958,0.410318341077117,0.282970897648694,3,4,2,1
0.844844674529219,0.594471197601181,0.360721459766091,3,3,3,1
0.756189661966273,0.348264142157462,0.241010879657032,2,3,2,1
0.289947084418034,0.711272916253142,0.760636740953304,2,4,2,1
0.610477644031348,0.461945220444678,0.710698265932909,2,3,2,3
0.945444381723721,0.32410892600083,0.59833535059815,2,1,2,1
0.842714077635532,0.503230991936888,0.337238250311915,1,4,2,1
0.5441095985214,0.990049585503647,0.808758918656576,2,1,4,1
0.842555917567063,0.460350438591611,0.772500850114435,3,4,1,2
0.753425470230208,0.425876232895547,0.497703818536327,1,2,2,1
0.654352893655322,0.706328299008541,0.320166340863514,3,1,4,1
0.502319544126796,0.28544224148141,0.0420797722061341,3,3,3,1
0.897397488769849,0.679706409230268,0.162454704755732,1,4,2,1
0.160742270415357,0.888506183635101,0.199927978723601,2,4,2,1
0.294791758201497,0.948594227324949,0.743054248447803,3,2,4,1
0.57920615892817,0.156613131423669,0.940035869820645,1,2,3,2
0.869165767396798,0.738094369388074,0.20422636032133,2,1,3,2
0.47288727388245,0.373146120065705,0.360301309035396,2,3,2,2
0.814857084059558,0.22140063149613,0.0525845121237328,2,2,4,1
0.252074370338674,0.0533245181011398,0.677710144624713,3,1,4,1
0.529671928929056,0.798189619745431,0.354131406725282,2,1,3,2
0.889252036431834,0.0804781775249005,0.00275314886710187,1,3,2,3
0.582481522096389,0.433130548743442,0.573072690026847,1,3,2,3
0.431705488434687,0.813049614815623,0.860964353071465,2,1,3,3
0.802464458159023,0.256217403065567,0.2899430004908,2,3,4,3
0.126725118171083,0.488179483510978,0.0294971296292101,3,1,3,2
0.102558053880181,0.660031976930691,0.105729390749735,3,3,4,1
0.44821293100906,0.823561919377651,0.847695803868592,3,1,1,3
0.989281985552447,0.715196486711735,0.468722782684107,3,4,3,1
0.113883300672844,0.817989862059713,0.15064274337267,3,1,1,2
0.199229130003891,0.88449367983278,0.158129438285331,3,3,2,2
0.879739999963924,0.723282827656879,0.464287589676838,2,3,4,3
0.289510697461861,0.550359492445338,0.22387595831013,2,1,4,3
0.979738985268794,0.464241004046346,0.319572425412235,2,3,2,1
0.645988785470103,0.27894845905574,0.905746502313223,3,2,4,1
0.241513904439145,0.3997248465056,0.905956684789617,3,3,2,2
0.323891928098377,0.827407443160455,0.572208273278415,3,1,1,2
0.0970972210446129,0.919591453935061,0.17836501020639,2,1,2,1
0.995535900745683,0.529104078294307,0.742382203138889,3,4,4,2
0.274710232178699,0.481104222684011,0.715646245424521,3,3,2,3
0.953833010387304,0.990791105590317,0.663862338882353,3,1,3,1
0.597403933505523,0.0230929791509652,0.734833138994007,1,3,3,2
0.55134427318863,0.00467665538385413,0.940890248733863,3,1,4,3
0.834570116810799,0.213366078890372,0.122283502446976,3,4,3,1
0.936110849565453,0.770345586490979,0.949166137837155,2,2,4,1
0.305783912790361,0.518890467100524,0.899908460628331,2,1,1,3
0.684798259381627,0.11097869192318,0.0962226886110809,3,2,4,2
0.146286240294508,0.867369794497981,0.352270306387565,3,4,4,2
0.538501866542645,0.838107274411067,0.506211893785281,3,3,2,2
0.570458672168834,0.88458713651037,0.554618558428063,3,2,2,1
0.968719028872346,0.969050889715955,0.636596824154076,2,2,4,1
0.00525476955534834,0.146199870623218,0.0995492134299463,1,1,2,3
0.489258750105997,0.49332205411205,0.923618500675843,3,2,3,1
0.282474334400662,0.459694861848319,0.383358951000239,3,3,1,3
0.0195556846253147,0.734860415676752,0.147700678353647,3,3,3,1
0.559956867486703,0.640145101272949,0.860250809882821,1,4,1,2
0.119276418805389,0.674656451973355,0.988537220628536,3,2,4,1
0.456285358856767,0.576104200454419,0.38226302137558,2,1,2,2
0.432459895852941,0.823989719427653,0.36666150177041,2,3,4,2
0.141141548614284,0.303457702753751,0.622226867361594,3,4,2,2
0.22070890498357,0.0553851937586613,0.388627835187172,2,1,3,1
0.053406844491996,0.142418516847914,0.034802192484797,3,4,3,3
0.051620209205153,0.0193083035523566,0.171345472472262,3,1,2,2
0.856717955504812,0.0811711771892327,0.42744019615684,3,3,2,2
0.182773249043692,0.574997976991788,0.564361379217944,1,3,4,1
0.674305582760784,0.928802265011635,0.356347840308983,3,3,3,2
0.529707784908366,0.737789236019077,0.124555947457209,3,3,2,3
0.133867706808256,0.392676265681751,0.185621860114835,2,3,1,2
0.648798915815266,0.559271150153613,0.797370076510355,2,4,1,3
0.842559735841066,0.923611931071647,0.00064885265921285,2,1,1,1
0.217623560607533,0.174961000234862,0.927390584495793,3,2,2,2
0.0271813818722343,0.493971650854642,0.585260458167353,2,3,3,2
0.301469889602522,0.536480332489788,0.975856802880431,3,1,2,1
0.887653193853599,0.254063261147121,0.117875592153409,2,2,2,2
0.333937896491132,0.885447413277587,0.0867516697524901,3,3,1,1
0.0579003713033758,0.287697430078333,0.194344601202558,3,3,2,1
0.259054026064875,0.0875389291835052,0.895636076411746,3,1,2,1
0.982397279561806,0.540748902988705,0.157544688479317,3,2,4,2
0.850676372142464,0.530850238498401,0.314569605064814,2,3,2,1
0.462149690780632,0.896712277927575,0.900182481288441,1,3,4,2
0.929596158189917,0.425221537819025,0.908255410260189,3,2,2,2
0.686738956804195,0.985959955025645,0.0132246262621056,3,3,4,2
0.142561275362432,0.901526945156987,0.852518922483137,1,1,4,3
0.959750798147211,0.00214081973589933,0.487877420527018,1,1,2,1
0.279185219479978,0.151539886664034,0.347091089448132,3,3,2,1
0.932265370360157,0.469517281329712,0.318420155377115,1,1,3,1
0.361265671324232,0.383483739607315,0.717792138733311,3,3,4,1
0.612517616577995,0.286953954991435,0.748350491856328,3,1,2,3
0.541480120265004,0.3910177354879,0.895411020801466,2,3,4,1
0.640010501931461,0.834123520612107,0.354224776954676,2,2,2,3
0.787618531551013,0.191811607204387,0.00201893515917966,2,1,2,2
0.933541568785137,0.348066418801018,0.305132754630057,3,3,2,2
0.152953066024851,0.333022615376009,0.441886477220744,3,3,2,2
0.519259078099089,0.957982368422249,0.521282601647139,3,2,4,1
0.458316292832923,0.903470292050795,0.337957485687603,3,1,1,3
0.185293831915337,0.862662153947745,0.222703168858817,3,4,3,2
0.645185933700435,0.118691944074717,0.34742059363033,2,1,4,2
0.422357339446251,0.753972727910628,0.558959248889161,3,1,1,1
0.121983813715659,0.783646181378906,0.866105866922529,3,2,4,3
0.0355189914595996,0.451984110947075,0.546979092559934,1,1,2,1
0.820398055903792,0.281028847632232,0.720485889743384,2,2,4,3
0.204264120882192,0.967882182912688,0.0319603681037231,3,4,2,2
0.974543030277053,0.767342399473295,0.768878966584839,2,4,4,1
0.914672613230689,0.729256925021807,0.435872222562777,3,2,2,2
0.0336051561912476,0.879170635877281,0.487605174849965,3,1,4,1
0.179585825498604,0.439946024540045,0.578581135720073,3,3,3,1
0.498133999893105,0.693793220876756,0.67771032824365,2,1,2,1
0.28998365632372,0.524109666043886,0.248537465783726,3,4,4,1
0.326859413094837,0.200435937379078,0.082061399438764,3,1,2,2
0.868476330297127,0.352391799306575,0.359973671645722,1,3,2,1
0.662522269866387,0.385327151489442,0.0737849365262939,2,2,2,1
0.960365241959041,0.420217235567448,0.260060762896463,3,2,4,2
0.403626080398038,0.594517389273247,0.982557057886513,3,4,2,2
0.2286576118045,0.429970693374114,0.34106092114897,3,3,2,2
0.901713271943361,0.940836249751518,0.85988204185129,1,1,4,3
0.234491039573152,0.636271479153528,0.763361095119521,3,3,3,2
0.688634968488822,0.487708443455922,0.00751828239063144,3,1,1,1
0.715912121361117,0.648466502245567,0.327566520653757,1,1,4,3
0.923106583898058,0.563032953926632,0.182031344820286,2,3,2,1
0.720996153196145,0.719082490499271,0.52125854756641,3,4,3,2
0.119840367435043,0.905490382286906,0.985552311190913,3,4,2,1
0.890997763238123,0.427200151383622,0.0122497292509488,2,2,4,1
0.584308446885774,0.307915448274779,0.866361709307889,3,1,3,2
0.0360709669663786,0.475240065331933,0.827850024347333,3,4,1,3
0.0821472539275868,0.681881366151147,0.403274077273319,1,3,2,1
0.469487876469663,0.880799112734287,0.10446821173269,3,1,4,2
0.138821932242313,0.162755262974904,0.168139164501517,2,3,1,3
0.875280434909985,0.507184117398935,0.71742979736457,2,3,2,1
0.632158579407428,0.853704802900796,0.703902712698596,3,1,3,2
0.0768046384347843,0.274650812720091,0.835040786740085,1,1,2,1
0,0.782224397879392,0.267525148108296,3,1,3,1
0.630157207224531,0.993998685965224,0.574377731017436,3,4,2,1
0.315842111592031,0.205125676260555,0.286294553421671,3,1,3,1
0.293054503190652,0.0091456679114074,0.630446140626021,3,1,3,1
0.999040837638334,0.440976501327156,0.106203104654471,3,1,1,1
0.281686069630897,0.809950057786676,0.930878548614105,3,4,4,1
0.281576711877029,0.507001650710942,0.606134993385535,1,2,2,3
0.689188379577136,0.210754505251794,0.714403328840904,3,1,1,3
0.0999761921853271,0.334815043918844,0.208274469308117,2,3,2,3
0.812084539849112,0.992331569103702,0.189807239558504,2,2,1,3
0.0266478563847589,0.269767682149344,0.543452752083817,3,1,3,2
0.294038543993869,0.229051908223756,0.692903203904834,2,3,2,1
0.422826002749856,0.0344004584934338,0.962729517846316,3,4,1,1
0.881357933912174,0.845338551922936,0.696393432656701,2,1,1,1
0.16397973423107,0.217945686092311,0.732315845782258,1,2,4,1
0.342115207552859,0.753040307801645,0.559379675048262,2,1,3,2
0.3983753272083,0.487178331727296,0.572690579019238,2,3,4,3
0.314553981060792,0.684553429796795,0.825044877848897,2,1,2,3
0.282309850315875,0.579058474133052,0.420086961608121,3,2,2,3
0.824376041149099,0.968122149607402,0.578927747066556,3,1,4,1
0.903528145305424,0.166939097630583,0.878152126069027,3,3,3,1
0.802059124509389,0.384470056389264,0.935504766522022,3,2,4,1
0.27874495458927,0.227427418033883,0.537884997473986,3,3,2,3
0.975806759650992,0.785091424881161,0.971731803463833,2,3,1,1
0.580244789117524,0.422801899202881,0.0204941382264043,2,3,2,3
0.197680014478492,0.803867707075761,0.264096370493965,2,1,2,1
0.13064380084828,0.0225420068990667,0.381934190462817,1,2,4,3
0.728796051736886,0.976170233881408,0.180407832085289,3,4,3,1
0.67196408588896,0.182872349492886,0.958284042178583,2,3,1,2
0.988396861910121,0.118937306186728,0.732719929855979,3,1,3,1
0.478312981580216,0.851871089353136,0.965582099236775,3,1,2,2
0.0525403908671827,0.760005935282465,0.412350759163421,3,1,3,2
0.363990546770172,0.76380829572689,0.215205655730459,3,3,3,2
0.647606242134103,0.715460526742597,0.855936193310758,1,1,2,1
0.229631092693677,0.529240659976937,0.444377023274023,3,1,2,3
0.605962057738521,0.0682304125516966,0.946776214961276,3,1,1,1
0.925748829508151,0.695319807721852,0.598946740451587,2,1,2,2
0.736330102950166,0.739174832847694,0.270139606340801,1,3,3,2
0.710142291718828,0.21899791704863,0.654074286627693,3,2,4,2
0.99304453661924,0.385864278218889,0.813839593433226,2,1,1,1
0.205247505419565,0.484095334700283,0.0910475801453606,3,1,2,2
0.198116833973518,0.999187793238401,0.930489092849021,1,4,4,1
0.485357309322344,0.00713409845754212,0.325073373332205,3,3,2,3
0.490979747622063,0.0378926423391055,0.582095418552669,3,4,3,1
0.585888854359839,0.534116353880149,0.90330883851376,2,3,2,2
0.412734006257206,0.228299156469106,0.378842292391315,3,2,1,2
0.362568180043514,0.927933478243423,0.904442685448881,2,1,2,2
0.180625917370975,0.989718692131639,0.10213471342595,3,3,2,1
0.647786655580746,0.451810115926738,0.423703275363299,3,1,2,1
0.0835266128687458,0.970123073174606,0.548731123249155,3,3,4,3
0.337441699833688,0.436367799121817,0.316380302004363,3,2,1,3
0.135677389704096,0.570605666478408,0.639990714170403,3,3,2,2
0.00295844456157692,0.722520147567736,0.408892418900256,1,4,1,1
0.708724220550423,0.526294972965974,0.101720055961782,2,2,4,2
0.716736689564177,0.834886354034601,0.678054062893455,2,1,3,2
0.653658146768365,0.345822883538791,0.453363670678751,3,2,2,2
0.134063393350911,0.439243067791216,0.0763883087654858,1,4,4,1
0.164620771724726,0.752331294385441,0.916757273068446,3,2,1,1
0.606874625225244,0.710014509439391,0.876709187256855,1,4,4,1
0.987252632580371,0.0991531926243312,0.0852596128747083,3,2,1,3
0.272148498455592,0.113207545517025,0.754598126183047,3,1,2,1
0.638812637784074,0.304350927024819,0.415090629129803,3,1,3,2
0.091182826477424,0.885549379956172,0.0863202341079665,2,2,2,1
0.228367229083543,0.0145733660718466,0.702090087760209,3,3,2,2
0.0677600496871549,0.953079764515892,0.644587920286296,3,2,3,3
0.770820094735237,0.49923385980303,0.527711529070852,3,2,2,1
0.889812785765497,0.175562181971796,0.225143342117084,1,1,2,1
0.753787788636777,0.559410223503201,0.569128983707245,1,1,3,1
0.279340635164008,0.816368208536839,0.117646619339142,3,1,3,2
0.517543897484824,0.225150609434433,0.138860222225818,3,1,1,3
0.0885998237749091,0.365852857546591,0.47692375526116,3,1,1,1
0.691412882147085,0.0493877082659995,0.951087403979851,3,3,2,2
0.832836083468644,0.271171928146807,0.7195499840222,1,1,3,3
0.126669305744054,0.598104354692497,0.713810423293778,3,2,3,2
0.47771804676212,0.662016647162662,0.424541006159574,3,3,4,2
0.63298690622396,0.697217154610284,0.329056771945326,3,1,2,1
0.656982371911717,0.888614896981141,0.236037300625306,2,3,4,1
0.855783373282041,0.470067096393975,0.409204907727639,3,1,2,2
0.168375552007318,0.636645229197212,0.51967354890342,2,1,4,3
0.756378427887297,0.0198487832509454,0.620053370005962,2,4,2,3
0.253205414691008,0.576765450531707,0.663007409112325,2,2,4,1
0.0386766369420033,0.637888532675865,0.105852744421361,3,1,3,1
0.652765267256971,0.174449556841751,0.139865994952478,1,1,2,2
0.322995588276167,0.469013466270825,0.54893273684183,3,2,4,2
0.887179190932442,0.730280041808057,0.534408234110822,3,1,2,1
0.330339829509125,0.493153655759034,0.26559840400065,1,2,3,3
0.814763059062234,0.351089155820987,0.213115934514771,2,2,3,1
0.605135819040585,0.8896238304324,0.733557048589131,1,2,2,2
0.523840589279,0.409199889279724,0.00989800485202856,3,3,3,1
0.247022913153735,0.559932553564252,0.00725344650275914,3,1,4,2
0.930556633083272,0.558302658373748,0.784476415970241,3,4,1,1
0.407685114475113,0.651866362642948,0.817894940066441,2,1,2,2
0.42298344689195,0.640628906329497,0.719086346206624,3,2,2,2
0.591575815524156,0.634679610634134,0.661879499189497,3,3,4,1
0.870120992163398,0.631808021965166,0.0663002461203604,3,3,4,1
0.644292218941602,0.169099392049749,0.177391998158382,3,1,3,3
0.441231873260374,0.366051424236466,0.394455379989507,2,3,2,2
1,0.190649359568541,0.0152896985482176,3,2,3,1
0.610880650920261,0.961664515519291,0.660494583961374,1,2,2,2
0.151975811607069,0.658209533384347,0.555700869648238,1,3,1,1
0.94721445002678,0.459584346835402,0.830812471068347,3,3,4,1
0.0521378985503521,0.258943785050897,0.698659290337574,3,3,1,1
0.499322974621328,0.530764256821684,0.0483365645273284,3,3,4,1
0.586194495261674,0.468877191254897,0.02229089542833,3,4,2,1
0.406616683850376,0.509002114278092,0.177822875295306,1,1,1,1
0.715114997002455,0.158177371189833,0.358244593323608,1,4,2,3
0.81506869996407,0.14712949239854,0.857088524552189,3,3,3,1
0.452724341064697,0.0679288873081205,0.22208288878852,3,3,2,3
0.352452170187016,0.00895438575363338,0.812579661494794,3,3,3,1
0.586383201522168,0.998476326488577,0.733141763760262,3,1,3,2
0.804539093474354,0.00585392309957996,0.174316518680152,3,4,3,2
0.652726189608971,0.337426579224084,0.957553973285621,2,2,2,3
0.445156492160436,0.34609976523782,0.971092319913056,2,4,4,2
0.552288818720129,0.923882794436639,0.221302309386343,3,3,2,1
0.722745996579093,0.700788365027692,0.723291893130191,3,1,2,1
0.645440505187481,0.557509349947691,0.393902227942211,2,1,1,2
0.312658804623604,0.379531572478713,0.594452054908775,3,1,4,2
0.19487765491753,0.686549753363462,0.0202762934847905,3,3,2,1
0.28348716141023,0.502280133492417,0.820786509877826,3,2,2,1
0.0125978217725618,0.198831399691537,0.129368760458923,3,3,2,1
0.0501495733798923,0.0306526392012164,0.38348329162365,3,4,4,2
0.0665103852834696,0.467347154409398,0.611484731111,2,3,2,1
0.391137788835567,0.361869410414333,0.292812566632918,3,3,2,2
0.975216955638587,0.267974716939779,0.852656085828973,2,1,1,2
0.363878444631864,0.463760763990215,0.541479154544116,3,3,4,3
0.0060120075861535,0.4050678621301,0.690451279034608,3,2,2,1
0.788012708681294,0.0430922864885145,0.498906461366458,1,1,3,2
0.78152432760006,0.995902319521057,0.586126282660968,3,3,4,2
0.538680490173349,0.00785609429713842,0.971196860294443,3,4,3,2
0.285915345034028,0.265253126621676,0.385428305815514,2,4,1,2
0.0966430850803782,0.838878541167881,0.634415676009409,3,1,2,3
0.683555948138424,0.829800133440116,0.58386832059438,3,1,2,2
0.855403335697677,0.152252005080601,0.882916119385903,3,1,2,2
0.981102288069468,0.696511897861186,0.769305696994105,3,1,1,2
0.235897014568836,0.219627637955566,0.508403079765163,3,1,3,1
0.452599650554285,0.326765081311286,0.995711824554845,3,3,2,1
0.737292665962116,0.472935541729243,0.868680694067828,2,4,4,3
0.691615131348183,0.618239630379271,0.489868584278346,3,3,1,1
0.921064165269628,0.627746834823821,0.702494049421305,1,1,1,1
0.507618592516618,0.645242515202076,0.662027985703105,2,3,2,2
0.531761539037743,0.366736364316523,0.158295751137393,1,3,1,1
0.484062138848411,0.466710744335013,0.178487591148324,3,1,1,1
0.899285983227532,0.21124798947614,0.753995244007018,3,4,2,2
0.465257765819094,0.428464653198085,0.766648792184029,3,1,1,1
0.553692213397834,0.705672798931925,0.912279664086761,1,3,2,1
0.361767505883239,0.448285135514733,0.942321374727763,3,2,1,3
0.239696793807159,0.627007883070785,0.874861552307841,2,4,3,1
0.147884068643711,0.153903529856967,0.0310836909658606,3,3,1,2
0.116616334696438,0.330371328399456,0.837699405326905,3,3,1,2
0.096894859980019,0.839301894550696,0.685241214113782,3,1,3,3
0.739710289671875,0.0878432767190778,0.0540105579937129,3,3,2,1
0.188419283083539,0.194687910873907,0.781745084284424,3,2,2,2
0.563731887604537,0.709041685992353,0.973944044415143,2,1,2,3
0.238739212449572,0.772944050128024,0.188150675414872,2,1,2,2
0.601306567499802,0.457168733219728,0.300183244980639,3,3,2,2
0.0494378530717816,0.793788415897679,0.0220881284792087,2,4,1,3
0.481551832503282,0.807289570809047,0.201743862898117,3,2,3,1
0.0945957593732486,0.0133746023379833,0.54018782376748,3,2,3,3
0.274553563623512,0.207759329901714,0.247869460091423,2,2,2,1
0.473806940972397,0.289848716163112,0.968397834427236,2,4,4,2
0.881264684501757,0.415823966720623,0.448789784167839,3,4,2,2
0.775045193901178,0.833835253911747,0.264457304117523,2,3,2,3
0.747343675669766,0.430303426746337,0.107019987050624,1,4,2,3
0.244442267042207,0.787346958478125,0.047048523589978,3,1,2,1
0.56125639317942,0.839566317914936,0.331998775758036,3,4,2,1
0.681460431637139,0.264102781487222,0.65991245072521,2,3,2,1
0.706616891263941,0.761009118733051,0.436026401263428,3,1,2,3
0.859806103925821,0.360302036897803,0.535834769631301,1,3,4,1
0.382107540988148,0.92171818751697,0.0866075747917879,3,1,2,2
0.529011188544939,0.791386065616888,0.533849910130138,2,1,2,1
0.0773587803646061,0.755941144807366,0.51349997421457,3,1,3,2
0.193102530384444,0.545882196922025,0.464449051928652,1,3,3,2
0.423012471740426,0.69139570059653,0.508333886029123,2,1,1,3
0.924134475191778,0.763433779016449,0.53577509347682,1,1,2,2
0.696531815392921,0.74605689365208,0.51477055605134,3,2,2,3
0.789103780477658,0.947509623864846,0.0913689515388137,2,2,2,3
0.780424306724002,0.252586852641222,0.0413311310227874,3,3,1,2
0.793424097851549,0.209167869233013,0.16969994076642,3,1,2,1
0.151952394848535,0.871131751604351,0.828547225450597,3,3,1,2
0.4053100883847,0.865011910889055,0.905823316235144,2,3,3,3
0.548396028713514,0.303316444403907,0.0721762051157146,1,3,4,2
0.767628614274022,0.0194175799192957,0.321108091787521,1,1,3,3
0.0719646256303292,0.625692052916988,0.936216412314986,2,1,1,2
0.554842647422839,0.669962074758002,0.0490571005371517,2,1,4,1
0.121973030074627,0.695099927696152,0.723548041547114,1,2,1,1
0.083443147785461,0.345230901802932,0.724561128428092,3,3,2,2
0.521338903880643,0.0180848076281025,0.314133632502392,2,1,2,2
0.5823766985429,0.731710948641971,0.0209517070535773,3,2,1,1
0.994552754850435,0.184732858043678,0.143980512788096,2,1,2,3
0.278891838817324,0.888186790264436,0.0646298799533078,3,2,2,1
0.732431585532547,0.489914833713809,0.346724371828063,1,3,4,3
0.859417713867076,0.546255908632372,0.245353253291717,3,2,2,1
0.941409957615807,0.581280159392726,0.285509888498149,3,2,4,3
0.924335292540125,0.251701850871115,0.325031171579883,1,1,1,3
0.185735304931804,0.398009199638406,0.79110218289427,3,3,3,2
0.940486949536107,0.60544480555046,0.675625824866084,3,1,4,2
0.118369011954623,0.12801742933136,0.559546584661869,3,1,1,3
0.608520301320547,0.378531724028516,0.547368242293456,3,4,1,1
0.466081081150996,0.410504066098825,0.184848044010165,3,2,2,1
0.0915366507158488,0.838371007775226,0.713508125317391,2,2,1,2
0.314628437403851,0.585167006513693,0.882508668965007,1,1,2,1
0.89858133269238,0.520457878950393,0.23499745128428,2,1,2,3
0.718390598812799,0.472781135044529,0.516096652013355,1,4,2,1
0.0228974891170918,0.950980017603804,0.175295268819937,3,4,4,1
0.978411001502648,0.00255009400248592,0.610803994505742,3,1,2,2
0.0428789495137716,0.515709758395425,0.0190733503611892,1,3,4,1
0.234967712303084,0.845556515281746,0.113074385398662,3,4,1,1
0.536708590292912,0.312544639649179,0.814274770313588,3,3,2,1
0.368519705833869,0.441485606386661,0.524750979745519,3,2,3,1
0.0959296197017271,0.35944938846481,0.0731749008625162,3,2,2,1
0.512310356358366,0.120430428027913,0.461735867914427,1,4,2,2
0.422883217199371,0.447675597110156,0.976407170040518,3,1,2,3
0.679907348686409,0.150879815336884,0.778198423312628,2,1,4,1
0.824028936178011,0.34150352136727,0.336995628490009,2,1,3,1
0.228808463457885,0.900606408382727,0.203865839840381,2,3,3,3
0.970496077457566,0.247927492929963,0.363092439288318,2,2,2,2
0.235178000760774,0.63243898870558,0.594072330947345,1,1,3,1
0.299868272809581,0.521269740711951,0.212712202377346,2,1,2,2
0.494047581632165,0.356254381424706,0.698313413466839,3,1,2,2
0.212246237600648,0.766328252688093,0.316062824862529,2,2,3,1
0.177448084256294,0.650353499132789,0.786351165315599,2,1,2,3
0.965655460590232,0.0950421050604877,0.916723793215624,3,3,3,3
0.680122961846517,0.0148116736517837,0.594764023482503,3,1,1,1
0.0607457722088856,0.338513827684497,0.110593089149327,1,1,3,1
0.695733020539382,0.0953626292646177,0.380110456578751,3,1,2,2
0.35405184801269,0.303756798622043,0.0609535648851154,3,2,3,1
0.671232886417381,0.130670690474811,0.501952026259558,3,4,4,2
0.0352239962338171,0.800288446657412,0.563991937916978,3,3,4,3
0.216772771600968,0.162747327973976,0.0118998251961349,3,1,1,1
0.111285658767462,0.806394947371149,0.273871508216733,1,2,3,1
0.326419028883066,0.501404178390034,0.117614478374402,3,4,3,2
0.301066017635905,0.113944149353121,0.0069483579010717,1,2,2,1
0.547574980481801,0.15343662021906,0.496552589008516,3,4,4,3
0.462793964858111,0.784896308191689,0.225795281152411,3,1,3,3
0.849515199221825,0.203750084433107,0.821019216277142,3,4,3,1
0.961805029560838,0.669054877985301,0.622256674835678,3,1,2,2
0.631776752007126,0.824507296154814,0.037184720873073,1,3,2,1
0.00740715046662389,0.520868275665027,0.805297212046235,1,3,2,3
0.659790473798817,0.0403829724218457,0.92828297252894,2,1,4,1
0.361592432054147,0.46149982539262,0.520560795606336,3,4,2,2
0.160251383563843,0.16300326050389,0.755184237829509,3,1,4,2
0.584453004353107,0.69233325737278,0.379345530690941,2,1,3,3
0.381550609928488,0.922746364303812,0.143650840288539,2,3,2,3
0.929386272440814,0.268843312041302,0.435625010267449,3,1,2,1
0.207386260890908,0.343051574881542,0.809420375273464,3,2,2,3
0.837207828220514,0.426222037935965,0.580727518679361,2,2,1,1
0.0694350638487239,0.2316158526901,0.0187650101741615,3,2,2,2
0.409785105516245,0.162539867949728,0.0556739772443208,3,2,2,3
0.307805778365759,0.998428333149635,0.851011839455689,2,2,1,1
0.331313220907506,0.984402394843595,0.528902787526899,3,3,2,1
0.59736425925221,0.143276829031568,0.739524174386637,1,4,2,1
0.296096683172296,0.734366528952359,0.691632132417565,3,4,4,3
0.825497539816425,0.907749135884246,0.232720851895601,3,3,3,3
0.914703935009621,0.489522453667947,0.515302316492491,2,1,3,1
0.113592366091972,0.184537511354179,0.658884123472472,1,3,2,1
0.524432660391594,0.986103628375771,0.913953595521505,3,3,3,1
0.942657638306826,0.201797863371595,0.448887561251718,1,2,2,2
0.543594966778429,0.0592412975427019,0.927206965558931,3,4,1,2
0.236027969435034,0.0024726861158342,0.297855630130668,1,4,2,3
0.486421414558561,0.740411312992216,0.572989939092635,3,1,1,1
0.825384960393867,0.923535724396073,0.37806129984653,1,2,2,1
0.246781273086849,0.91434752998881,0.987746679899035,1,1,4,2
0.897817916533901,0.439218419455002,0.131953227598407,3,1,2,2
0.920002864078381,0.992932789173974,0.210547962476448,1,4,2,1
0.231529386393626,0.232674140313795,0.979905600438231,1,2,4,2
0.667524745755131,0.348840560558168,0.0966565189525727,2,3,2,2
0.911051517283602,0.774226836944625,0.560246540049186,2,3,3,2
0.243778021601876,0.726305334676821,0.216330275814003,1,4,4,1
0.539100023029431,0.533787798841747,0.719214022574055,2,4,2,1
0.189320902862769,0.0710335378793301,0.800655386528684,1,2,1,3
0.890164007313244,0.893668764238511,0.801238866303718,3,4,3,1
0.0103804486361022,0.229575541618292,0.702476728034928,2,1,4,3
0.648921458546551,0.528684749911962,0.189228717494765,2,1,3,1
0.0271025609884326,0.350808172454812,0.261279900827756,3,1,1,2
0.815764341758996,0.769979886448235,0.657500860814781,2,1,3,2
0.683261642737534,0.865303090923088,0.82339867287362,1,1,2,1
0.936606986543721,0.184781388049351,0.442787556550236,3,2,3,1
0.2931273188691,0.0627455635772858,0.720617116076927,2,3,3,2
0.194246670223398,0.24784969542087,0.713919309323337,3,3,4,2
0.681662680838237,0.0554799921030749,0.0236638524731899,3,1,4,3
0.84335650223654,0.00370079461875238,0.968463019149822,3,4,2,3
0.54716791667676,0.848480122290128,0.714102561022325,2,1,3,3
0.848909644829158,0.277675523906958,0.947044604640655,3,1,2,3
0.171759273615506,0.415620761696872,0.635267606670134,2,1,1,1
0.448982581693061,0.643301314975186,0.185027806949353,3,3,2,1
0.582126303293045,0.973818560273207,0.977926249505174,3,1,3,1
0.384521734217358,0.840393704678308,0.580579644228875,2,1,1,1
0.521677835358943,0.426241434604899,0.476779767411504,2,4,3,2
0.24782955336714,0.251186535810885,0.0394925890365422,3,4,3,1
0.21504157213405,0.346554628624318,0.160665598342842,3,2,4,2
0.0526543275668276,0.469403277983054,0.534006292258032,3,1,1,2
0.111306644359345,0.0706471426258343,0.190744124580684,3,1,3,2
0.303695108098847,0.489977815387837,0.786157814575083,1,3,4,2
0.532203205950937,0.161444186154997,0.263349133230407,3,2,4,2
0.662763775697078,0.429383081638766,0.372435429843182,3,1,3,1
0.9447779139286,0.434045143850342,0.904860051292367,3,1,1,1
0.0836076318702475,0.979393760924845,0.308004891437292,2,4,2,2
0.845498017007456,0.584640191452118,0.873399455919924,1,3,3,2
0.650133521900386,0.872225171732152,0.770310153785051,2,4,2,2
0.0746997104846872,0.451974680945973,0.271516962589356,3,3,4,2
0.114050260669679,0.509074104286506,0.1763908465083,3,1,2,2
0.342105154753336,0.322039040758899,0.247669774497586,3,4,4,1
0.598206069348814,0.0127863533108945,0.41641972420112,2,1,2,2
0.684720939333065,0.203097306023476,0.856169940217382,2,1,3,1
0.329233395125952,0.491280688873452,0.0769645355925139,2,3,1,1
0.399362410698614,0.492041030628988,0.312090657607713,3,1,1,2
0.613810221649081,0.930528875213443,0.113000876617605,3,4,1,1
0.234437016962062,0.745386443573716,0.938647282213785,3,3,4,2
0.407336428499946,0.0918514009375534,0.946085930171301,3,1,2,3
0.0516406802249543,0.975428483794711,0.483887350425858,3,1,2,1
0.580988338319082,0.505413270525289,0.955986540834257,3,2,2,2
0.129745059689686,0.997288376349728,0.567214266639964,2,4,2,1
0.17564925957715,0.849342622390938,0.827562415885895,1,4,2,2
0.187064153775653,0.955236551434647,0.346937645223228,1,4,4,1
0.255732068021712,0.358023963298205,0.0200687218401547,3,1,4,3
0.200866006170829,0.634552152285904,0.554687905179885,3,1,1,2
0.244900996867351,0.623239945963716,0.780040549693537,3,1,2,3
0.941406914928711,0.571145974874894,0.844813598622986,3,3,3,1
0.0756502146117488,0.839459061235733,0.0276335351342667,3,3,4,1
0.29977806608626,0.855584286453807,0.098701238227152,3,4,3,2
0.680285059510052,0.473429351786961,0.646389528088471,3,2,3,1
0.338991561115729,0.290443304565942,0.504254699537272,3,3,1,1
0.429168513832068,0.0821701823059979,0.470158223723023,3,4,2,1
0.366972976729722,0.888645103651338,0.937263223874034,3,3,3,3
0.847592877242896,0.27422721017058,0.458543775109712,3,4,2,3
0.268174808768538,0.366018610899298,0.712222425521486,2,2,3,1
0.657734273587657,0.93566592581387,0.939182531414737,1,2,2,2
0.64528914641958,0.867782874546263,0.720142950775638,3,3,2,1
0.430156074606632,0.381928862758912,0.971678798797393,2,2,2,2
0.538595712558375,0.115885809580065,0.131545302828591,2,2,2,3
0.593601767845948,0.444311348383604,0.411438723904029,3,1,2,2
0.261255618990807,0.116502180902107,0.0756744289421237,3,2,3,3
0.555568059822882,0.826875836431653,0.618580256481834,2,2,1,1
0.0836093620256551,0.314979688267125,0.626812383071841,3,3,2,1
0.53571005198059,0.159085114212598,0.237311218206096,1,1,3,1
0.314344005820892,0.329161834924755,0,3,3,1,1
0.192849808373869,0.154156366969852,0.475031684529425,3,4,4,2
0.867329595225062,0.0725885536860827,0.150525563887796,3,2,1,1
0.806920980525866,0.85589861982388,0.679443629801312,1,3,3,3
0.227836712724115,0.525720739565524,0.163607862282379,3,4,4,1
0.0974177770792731,0.37166859989301,0.138887443733207,3,2,2,2
0.769899174774133,0.9496846574524,0.528218072511341,3,1,3,1
0.762423173257805,0.55052129746425,0.843277626216138,2,2,2,3
0.705863915698439,0.122187752816645,0.0274559335429818,1,4,4,1
0.8957580173698,0.924024244453172,0.263502485645842,1,2,3,3
0.697190944942694,0.526625444671267,0.767094802581666,3,3,1,2
0.648019331652805,0.935629355809595,0.237483207943623,1,3,2,2
0.961944873846199,0.497774816299162,0.670453157002066,3,1,2,2
0.808680250272759,0.161644401178398,0.536765227990691,3,4,3,1
0.201830537980311,0.580415857625038,0.732072550690917,3,1,2,1
0.844668496980299,0.0451762544404251,0.714096991247906,1,1,2,2
0.932507293814567,0.779003247502899,0.163804242735353,1,3,3,1
0.90098243043497,0.232090419412235,0.869428573997665,3,2,3,2
0.997378038970548,0.00577931624190146,0.128123288511768,1,1,4,3
0.540532174083222,0.866862491105354,0.375766552786258,2,2,2,1
0.150094715055267,0.271441181511612,0.076029295489976,3,4,2,2
0.743917013394176,0.336985784172564,0.489325133431548,2,3,3,2
0.639386870397811,0.380124934214733,0.207000398711546,2,1,4,1
0.300303466555129,0.0635560357553484,0.449246505670126,2,4,2,1
0.834879158362919,0.149457140587266,0.0183753593139575,3,4,2,2
0.596628465919721,0.00124663233971869,0.176167106833734,3,1,1,2
0.250959493990322,0.754895104685103,0.196317862107542,2,2,2,1
0.710192346904586,0.469745978023109,0.970045936798194,3,1,4,2
0.851263849394148,0.330518835083364,0.646799855206044,1,2,3,1
0.568591416860293,0.276514579604598,0.251865252982782,2,3,4,3
0.68207720220969,0.158151294936785,0.10922971089234,2,1,2,2
0.69957718721299,0.384479141390326,0.0989622907998461,3,1,3,2
0.888077559212716,0.682333929537377,0.39088365503283,2,1,2,3
0.586896043449199,0.869043734693634,0.361228064412893,2,2,1,1
0.00399975761044769,0.0524127500779043,0.753809176817664,3,1,4,1
0.591784150099446,0.59325277245877,0.417812779868777,1,3,4,2
0.896835247922903,0.43420859720278,0.561530403655723,3,1,3,1
0.54295528656186,0.837486734338537,0.0736099706318318,1,3,2,2
0.86669528445631,0.458426565033412,0.769618461249893,2,3,2,3
0.935889568654871,0.0764707145565022,0.613527491783586,3,4,2,2
0.981499090263126,0.0553700808402283,0.298622453414159,2,4,2,3
0.462952721531893,0.00326474780997407,0.176976636821623,1,1,3,1
0.000757471545853446,0.296960221160982,0.88351171801077,2,1,4,3
0.481612179130689,0.310852433618058,0.767677670293577,1,2,4,3
0.846387853831754,0.864982470885614,0.902474106826787,3,1,3,3
0.133549134486262,0.999754359971289,0.705357158297477,3,4,4,3
0.718365123765935,0.0422283488875361,0.718077543767506,1,3,2,1
0.416881158939007,0.930882538588113,0.800908291011055,3,3,3,1
0.916914894638966,0.954015787958629,0.658544306026653,2,3,2,1
0.0818901841557933,0.60236088852334,0.755312465053751,3,3,3,3
0.425681982213322,0.086728380338767,0.215998935442436,2,1,2,2
0.633399578118943,0.149467318088455,0.147284781461656,2,4,3,2
0.893363183982997,0.639433979523166,0.315648825366218,2,4,3,3
0.232801334005751,0.521932447456076,0.0133665579622079,3,1,3,1
0.971921367550258,0.887906496898342,0.0906870979183559,3,4,3,1
0.968099931539074,0.361758205401335,0.354649426349325,1,3,4,3
0.236553638376294,0.0949107654618032,0.914206500003875,3,1,2,1
0.332898639866199,0.991622325687471,0.900779916102676,2,3,3,1
0.627379293566268,0.720105147285467,0.401211363342927,1,1,2,3
0.800136444567273,0.656399126506078,0.854982721377947,2,2,4,2
0.766632999327733,0.0599292372064427,0.758849088190331,1,3,2,1
0.617606421255526,0.674735801982629,0.0781528943995155,2,3,4,2
0.524375326621017,0.799763049929336,0.997850311899848,3,4,2,3
0.50602744614692,0.604922782156111,0.310537516830268,3,2,3,1
0.524820095881838,0.172134299904473,0.724614377919782,1,3,4,1
0.034824733043243,0.115307426595796,0.597563661412833,3,2,2,3
0.0761004651838828,0.353105757723357,0.477642133748475,2,3,3,2
0.599183428172526,0.582026777813325,0.356202903761487,1,1,1,1
0.709101334768753,0.412167656293268,0.166063673753436,2,4,3,1
0.597742387699572,0.828288803263469,0.96834360563455,2,3,2,2
0.621599500615252,0.0347922587475613,0.628908638061366,2,3,1,3
0.707754259632592,0.359219925104657,0.482699672539081,3,1,2,1
0.340965131491042,0.486275274955078,0.395170392129647,3,4,4,2
0.280914420319098,0.0427511245736389,0.35855090031345,1,1,2,2
0.611847032206214,0.690598367170003,0.588292251640189,3,1,1,2
0.113352187708103,0.638021626024754,0.288404151387275,3,3,4,3
0.445442445086944,0.56337875896705,0.58422582666445,3,3,3,1
0.854660383101432,0.365955744225283,0.999941303146517,3,1,2,3
0.749270949472792,0.953633067913896,0.0830196148607766,3,2,3,2
0.278392271358506,0.941362873146404,0.792342712431707,1,3,4,1
0.882820750479052,0.929652498444344,0.140566164561887,2,2,3,3
0.863795365011544,0.134034575034653,0.58509177357069,1,2,3,3
0.121686033088821,0.545909605258562,0.0565831893625585,2,1,4,2
0.661254185273664,0.311046496140741,0.621852101111459,3,4,2,1
0.985895534474952,0.731826945322195,0.790302216392676,2,2,4,2
0.65173230481809,0.390910440475359,0.623427674002357,3,2,2,3
0.174386633923041,0.155174097922139,0.0069033100552283,2,1,3,1
0.381150496575343,0.566796942699906,0.823753669484886,1,1,1,1
0.793078186091088,0.427101979705481,0.726841124767103,2,3,3,1
0.808950452819005,0.953568361239667,0.208714619201353,2,2,4,2
0.924217701632938,1,0.318589635655839,3,1,2,2
0.193466325389162,0.683443679667086,0.181123838828003,1,1,3,3
0.323289177750681,0.165023638240035,0.74427176441182,1,3,2,2
0.577857890581383,0.0170062811999594,0.983095673434641,3,4,4,2
0.377630405907742,0.805866943976102,0.968447472746501,3,1,4,1
0.518430810943089,0.0769816931578928,0.249404024753088,1,3,3,1
0.456377116753903,0.138907691020897,0.60140313338261,1,3,3,1
0.658934703137889,0.115882426663003,0.695720897697289,1,1,1,3
0.928722728011726,0.0111631868190931,0.693791429908746,1,1,4,2
0.656318230877316,0.788403425268273,0.611667615572114,3,1,3,1
0.6594696194615,0.706824792399906,0.309342341170236,3,3,4,1
0.441403098985197,0.940029332990538,0.892799469868794,2,2,2,2
0.771212541710111,0.660760923682558,0.662213869273522,2,3,2,1
0.832276706327201,0.939839736301711,0.435191179925957,3,2,3,2
0.340762166363569,0.865946477664955,0.385460071891591,1,3,1,3
0.737537274140435,0.94987701414155,0.770852196886667,3,1,4,3
0.924701787183884,0.309705346817318,0.187318698011952,1,3,1,1
0.936491364434067,0.547818643815027,0.959773620200717,3,2,3,1
0.937732064842925,0.609112999312537,0.897684468065062,3,1,2,2
0.794443457689294,0.397491124577853,0.555061141272212,3,3,2,2
0.959062971881884,0.240948851280955,0.460642233526479,3,3,1,1
0.576339410738805,0.273410671741809,0.851588831361621,3,1,4,1
0.720197239021543,0.181112101787146,0.334546304888055,2,4,1,1
0.0684509484698428,0.960834905422325,0.0861155448980999,3,1,2,3
0.190008624722165,0.541983083132958,0.349859053111853,3,1,1,1
0.549238733718088,0.497222624567954,0.836513165788467,2,1,4,1
0.875021508204155,0.406979315686847,0.453636436609459,2,2,4,1
0.251480270768016,0.231030310954995,0.0943870730516419,2,1,1,1
0.0834603449336074,0.918408027130074,0.402020296569271,2,1,4,3
0.631597054486859,0.415684126704278,0.367583391246081,3,3,3,2
0.323245416750974,0.857519890013376,0.27652761734475,1,1,3,1
0.66782638940137,0.992725405816401,0.420187339960272,2,2,2,3
0.954346031295929,0.0719868161157507,0.0837678926316441,3,1,1,1
0.990286609238962,0.309286018434973,0.604337057962098,3,1,1,1
0.124003277954673,0.48177931109625,0.82122333932862,3,1,2,1
0.0226926968858475,0.69861609144046,0.51679844359004,3,2,2,1
0.517357935608771,0.680564999330621,0.262014131749954,3,1,2,1
0.0524728588745374,0.371955563259884,0.733430290316384,3,1,3,1
0.420498257630497,0.55040610578412,0.449484812447017,3,2,4,1
0.943300659513148,0.0485232914982985,0.155015811972967,2,1,3,1
0.938644513008585,0.8208162557234,0.559237064340633,3,1,4,1
0.191069105581107,0.258468604995357,0.123306956147098,1,1,3,1
0.795850730301534,0.867164711140678,0.704386364978289,3,2,2,1
0.964555976658954,0.04814465874571,0.300997564362464,3,1,3,1
0.659952989086071,0.695088197694781,0.756785272546318,3,4,2,1
0.310858100637724,0.0515507962271578,1,2,3,1,3
0.75848074568915,0.368169149483989,0.854037145059422,3,1,2,1
0.0786262161490515,0.366761357652778,0.139798606802649,3,4,2,1
0.523219224845539,0.618037383688966,0.791770188586573,1,2,3,1
0.268143308008013,0.850518152528336,0.998090791500825,2,4,1,1
0.229697688761738,0.255330887128616,0.857773912837181,1,1,1,1
0.0721093098762915,0.990483288887672,0.451287338343875,3,2,4,1
0.529608688765881,0.25906647089857,0.889358450992007,3,1,2,2
0.118908924847731,0.18296099533658,0.720782617945352,2,1,1,1
0.856108582838142,0.0202588828822117,0.115238525839303,3,4,1,2
0.922612475377854,0.725309664560445,0.145660518949334,1,1,4,1
0.271618921749531,0.141985014713913,0.0755538219037618,2,3,2,1
0.541441519901255,0.651637819282902,0.568555970211612,3,1,1,1
0.931305671053709,0.930834928582549,0.76651609689899,2,2,2,3
0.918729946982622,0.920270184014392,0.359363995569029,3,1,1,3
0.501290817585637,0.329625131645573,0.403567683953361,2,1,3,1
0.638282136339779,0.939305599572614,0.857942658640157,2,1,3,1
0.570315367572658,0.00583178559699249,0.90051348502529,1,3,2,1
0.628643321242863,0.127647349704771,0.724815440655645,3,1,3,1
0.310485490789507,0.888080530252017,0.230665314405325,3,1,4,3
0.0304324687973907,0.358541770025393,0.555810061709359,3,1,2,3
0.029711186024748,0.401215285013138,0.271255091382235,2,1,3,2
0.693311220592433,0.419808793853042,0.402917213869528,3,1,2,1
0.735275961022675,0.442878869882841,0.606587002001777,2,3,2,1
0.361294845324037,0.41770368027366,0.407659876786572,1,3,2,3
0.302005611343305,0.286946192490527,0.655033144715985,3,1,3,1
0.647521762821786,0.552116079317318,0.334991611413101,3,4,2,3
0.572860545498331,0.856806583263337,0.642696033173498,3,1,3,3
0.502500673499814,0.26091298778106,0.51649577837578,3,3,4,1
0.897569430421048,0.355104802957009,0.488905839589224,1,2,4,2
0.13003717256605,0.72734600813179,0.398058718006481,3,2,2,2
0.824049519061309,0.902534345274734,0.147429794517042,3,1,2,3
0.818395669491862,0.753635011204488,0.0064730937552073,3,4,4,2
0.752685083036809,0.844870731868257,0.990796529233995,2,1,2,3
0.863841780904893,0.887457460179191,0.866876515600537,3,3,2,2
0.324267550803424,0.940733056406123,0.117217945629461,2,1,2,1
0.0746329801804313,0.917074180307505,0.998951597076832,3,2,2,3
0.32198049416641,0.314605708223413,0.745530778255568,2,3,2,2
0.83398425039346,0.924771207873812,0.681230364469601,2,1,1,2
0.305015753619643,0.991931369056926,0.86296506500751,3,2,2,1
0.823616443264622,0.702944308613015,0.267405428561462,2,3,2,1
0.180338114967997,0.493966552520713,0.29429525894492,2,3,1,1
0.254755783087564,0.870912178245354,0.178199278814295,1,2,3,1
0.474960715987155,0.843435455033833,0.286666504181441,3,1,2,1
0.131125276250982,0.800997536740292,0.679494553453135,3,3,2,1
0.544613551029267,0.221529297344502,0.121119924545662,1,1,2,3
0.925392477154712,0.0257137048739462,0.378804283271385,3,3,4,3
0.300744656184072,0.724424471123649,0.643027465354533,3,1,2,2
0.965825254462304,0.368576287864909,0.765198018963885,3,1,3,2
0.364529609500708,0.794044405927599,0.866919115193889,3,4,3,2
0.977163499793223,0.113732137245007,0.202079870250996,3,3,2,2
0.894637831234163,0.805000380541483,0.864337555354239,1,1,3,1
0.684263044755359,0.946531970417243,0.986878223533991,2,4,2,1
0.736299676079205,0.999952849994489,0.925969190305546,1,1,2,2
0.393546105502444,0.92789338157207,0.651639377112283,1,1,1,2
0.938594099859639,0.482566102854878,0.0605458352104196,2,1,2,3
0.9714698566494,0.378657687376572,0.830657190654074,3,3,1,1
0.0113949731742247,0.778231137412654,0.456328473842788,1,1,3,1
0.619173763073236,0.596505471172283,0.976960291484657,3,4,1,2
0.366500435491582,0.539271766149388,0.76321976974445,3,4,2,3
0.666352654957265,0.0929469389822682,0.190461045386356,1,4,1,2
0.969234555523286,0.488641170231608,0.16435095281828,3,2,2,2
0.408161503817521,0.828304826598675,0.558024200056349,1,1,2,3
0.432955913510146,0.507244147405952,0.0946558758736293,1,4,2,3
0.276478898459272,0.268074287784751,0.891606191604443,3,2,1,2
0.986198192350223,0,0.266292055137801,3,2,3,3
0.417300393492432,0.130110669159354,0.611508356747543,1,2,3,2
0.237034740900675,0.347379485387395,0.741589887426331,2,3,2,1
0.492661548169067,0.703090435296762,0.24203880906874,2,4,1,1
0.908160725900125,0.709638459395438,0.885487335358777,3,1,2,1
0.72259684525085,0.736991059259118,0.691692665460417,3,2,2,1
0.715647526904814,0.404336845377991,0.906370867904865,3,1,1,3
0.614160488628328,0.34753492707223,0.931129800526044,3,1,4,1
0.641022284881731,0.0491989357439355,0.538871337196494,2,1,4,1
0.771711602054412,0.330637170097195,0.222527598552021,3,1,3,2
0.676166454392477,0.38768116343125,0.452501763389122,2,2,2,1
0.62730859583668,0.986652791773291,0.842978939412177,3,3,2,2
0.87860066279774,0.748496733937252,0.60439544878402,2,2,2,1
0.577103602484192,0.993938579291532,0.794404997917913,2,1,1,2
0.115694146949044,0.428359274852435,0.312002245089614,2,3,1,3
0.0775941038727417,0.444608546751675,0.480896350960162,3,2,2,1
0.238528029083912,0.55203695930807,0.00451588707466656,2,1,4,1
0.100522980954666,0.548142062186162,0.903879158931652,3,1,1,2
0.402554249123017,0.320741035607186,0.57552987863993,3,3,1,3
0.445194585409669,0.538807856095166,0.0200255981677538,3,4,1,2
0.186224909081895,0.48065395929805,0.278465409191763,3,4,2,1
0.858537959672566,0.0429381816788358,0.251254689414561,3,2,1,1
0.895010709554771,0.188595133495107,0.165056324964235,3,3,1,3
0.0588762199698891,0.782820481282396,0.476092481730831,3,1,2,2
0.0714333262264279,0.138507816807492,0.163824639738923,1,4,4,3
0.0226732568746026,0.660151116944616,0.308839745536889,3,1,2,3
0.658932794000887,0.0223075146841589,0.577007521431169,3,1,2,2
0.752992096130865,0.431563711893641,0.538891718898486,3,1,3,2
0.435376072792485,0.365479030836231,0.459990416903776,1,4,4,1
0.275825854283692,0.927629418207884,0.748884210899473,1,1,3,1
0.535640428140566,0.12746553468352,0.459823170655452,1,1,2,1
0.464639414242463,0.28073693926478,0.787489541517829,3,1,3,3
0.954539271756801,0.973225620203903,0.638709666054231,3,1,4,2
0.192858399490376,0.782458537906759,0.145793795694339,1,3,1,2
0.646497570481006,0.229099729062679,0.501770212908909,3,3,4,2
0.299603022087433,0.441626481403126,0.019168549129163,3,4,2,2
0.220678120149421,0.137049300387019,0.391015432223184,2,2,1,1
0.333921996959541,0.998866099867468,0.978540883293162,2,1,2,3
0.483580529209514,0.129002854863205,0.582623629027707,3,3,4,2
0.141900236675658,0.337811867602451,0.797907529138549,3,3,2,1
